"W1","W2","W3","W4","A","Y"
0,0.530808792915195,1.33425652745986,0.848892410233064,1,0.00201037808832786
0,0.684860904002562,1.59585298846548,0.542990620503372,0,0.00103102791220413
1,0.383283393690363,-1.2810604277013,-0.393913793769911,0,0.591290942945932
1,0.954987998353317,0.0604672285309248,0.344883068749165,0,0.500392409146213
0,0.118356580613181,0.0820377302231107,0.0514474627224916,1,0.371959295631381
1,0.0391000553499907,-1.78980627945846,-1.40836264495271,0,0.0782824807909117
1,0.504505032906309,0.765185049325869,0.794496793800831,0,0.193973711359286
1,0.578482555225492,-1.48039937821471,-2.19807120635411,0,0.00109744270153669
1,0.839303907938302,-0.617663466106987,-1.78051463720084,0,0.0176948423481229
0,0.654444975312799,1.01697887364376,0.903009536710424,0,0.0426541402521071
0,0.944528339896351,-0.434534615817012,-0.605854881105194,1,0.388052366769918
0,0.511657629627734,0.081706212809655,-0.497913356540245,0,0.351153464695441
1,0.0849210591986775,-1.67419072499573,-1.44566795018057,1,0.082331034910357
0,0.994770509423688,-1.3091024961603,-1.48188241724993,0,0.097574781326814
1,0.401444119866937,0.111408230505113,0.563580113570675,0,0.41789094938711
0,0.895646296674386,-0.521503271975126,0.185755550882099,1,0.481408746333281
1,0.876858412055299,-0.397625639873941,-0.740009737087512,1,0.619983106381774
1,0.296484797960147,-1.04335752630675,-1.5226951449008,1,0.0549194143091375
0,0.132591909728944,-1.09460782071197,-1.01608798936102,1,0.233523346332723
1,0.265910907648504,1.567957490345,2.34856600120279,0,2.2871659133999e-06
1,0.00572754279710352,0.161073060092811,-0.789088332163179,0,0.427677987182568
0,0.819601821480319,0.973747083415344,0.515081668481509,0,0.0576505704106154
1,0.174661678960547,0.951011906918004,0.558978053875616,0,0.319794579730598
0,0.84308055206202,0.631417627578095,0.836715521323758,0,0.243429855824084
0,0.16671216674149,-0.369163257602893,0.936239229100734,0,0.558630452882209
0,0.76401943503879,-1.0774295622853,-1.33152515605174,0,0.221899417707852
0,0.518938087392598,-0.85410767429845,-1.08771156532384,1,0.271566280606391
0,0.272685303352773,1.18907674363495,0.256253077129956,0,0.0136343537249423
1,0.343203135766089,-0.973108317408538,-1.54355991288808,0,0.0482601936084374
0,0.705075340112671,0.296845079029048,0.717898558466025,1,0.238290642103587
0,0.591535301180556,-0.309027538847945,-0.717256322138104,0,0.509662934581603
1,0.469379037618637,-0.249920075765998,-0.516371487438894,0,0.676801523508169
0,0.336376605555415,-0.662699747367922,-0.856067414995161,0,0.387491965619209
0,0.967837428674102,-0.204280955948847,-0.238404358506495,0,0.39293142202712
1,0.645841883728281,0.400099501121443,1.28719923110343,0,0.0160997954408282
1,0.196301169227809,0.0950975472629194,0.777675645889781,0,0.184220641569229
1,0.357180385151878,-0.773651871869798,0.3264981556669,0,0.52973531924432
0,0.513018082128838,1.34459821928541,0.328890821033928,1,0.00142738033492085
1,0.882996740518138,1.71941294417958,1.46597383920802,0,0.00499556354849942
0,0.152667565271258,-0.291791189353658,0.279540309979805,0,0.43832768957908
1,0.230461597442627,0.535711598510572,0.369292934238778,0,0.475493875534711
1,0.162988578435034,0.180472141135063,0.354692115652904,0,0.496135657582893
1,0.614346859045327,-0.762849699232255,-1.11818416531988,1,0.262093679314388
1,0.501636443892494,-0.379341482134658,-1.40298254890532,0,0.104192713248152
1,0.188118888065219,2.1769257344164,1.51582648146072,0,0.00306487159559547
1,0.407714852597564,0.328000317851281,1.36717135343821,0,0.0078274539010792
0,0.582388046896085,0.785349550227343,0.642073238589795,0,0.128203298822334
0,0.308929065009579,-0.347727403958631,0.631590514376537,0,0.61854030845216
1,0.480965640163049,0.229311745079635,0.704351801597346,0,0.235878445716126
1,0.939394792309031,-0.0463592519440681,0.338460176219198,0,0.612853803054595
0,0.0460405482444912,-0.404229506969923,0.485015723467956,0,0.610948156989646
1,0.534861729713157,0.650363596442697,-0.220602198625591,0,0.545104643294219
0,0.44266078225337,-0.804781226473051,-1.13888717454703,0,0.357472462567228
0,0.906365469563752,2.39521703933333,2.22362589554569,1,1.24774445950089e-07
0,0.881042381748557,1.02383778939628,0.518766514468309,0,0.0310159152466956
0,0.163241116330028,-0.171363971222862,-0.311844185763188,1,0.428115678538643
0,0.752190765691921,1.73693287801962,0.596106409202301,0,0.000782928292636095
1,0.402987202163786,-0.215173908534039,-0.991381110475232,1,0.486159520200418
1,0.556952693499625,1.47847028572918,1.81300882244025,0,0.000433335709074619
0,0.0801692819222808,-0.445439532370087,-0.313153143245783,0,0.540080127200918
1,0.116568592377007,-2.58984388472081,-1.87563293723027,0,0.00577230955240345
0,0.925192561233416,1.40358225557961,1.22035340736127,0,0.00344511914716379
0,0.878844240680337,1.19425369820239,0.983632523182673,0,0.0171632323309655
0,0.163207626901567,-0.62937192430109,-0.860055254507363,0,0.488201494793257
1,0.531563901342452,-1.09399881750748,-1.61891159667785,0,0.0414376791441299
0,0.929792168317363,-1.83261544010974,-1.69616881853314,0,0.00604445989104304
0,0.325715993763879,0.0641204757675221,-0.581578347755598,0,0.461270800834624
1,0.160794630879536,-1.89953983654593,-1.62809221601896,0,0.0336728574484479
0,0.949707917869091,-0.734663928838688,-0.831996585869831,0,0.390579326191618
1,0.462357048643753,-0.0548509965424104,0.369488256115965,0,0.40900391485462
0,0.220770887332037,0.481047849933049,1.16457623089513,0,0.324802186537473
1,0.00201923260465264,-0.674629629650528,-0.902600936543543,0,0.354595127963482
0,0.619192603277043,-0.00119422459412198,-0.236560431327348,0,0.42502404797761
0,0.40250592213124,0.257942819324596,0.232459904285665,0,0.409325449111076
0,0.900032610632479,1.83357313596875,1.47284769300298,0,0.000178047838474602
1,0.505881984485313,-1.3607833691626,-0.483011920018733,1,0.590653883609257
1,0.726487081032246,-1.5255388932594,-1.56041351064494,1,0.0727142005101625
0,0.027486614882946,-2.01298854961646,-1.53711205582819,0,0.00177039890976417
1,0.379413213115185,0.430868516874712,0.638113302765382,1,0.104984801355253
1,0.386744662187994,-0.445522958950824,0.329881385440678,0,0.463996791380352
0,0.337820725282654,0.799813164538085,0.685324494837741,0,0.095046188039808
1,0.364431851310655,0.597957731468202,-0.868867701766415,0,0.409269448804522
0,0.638755969703197,0.211234688711678,0.544896574246003,0,0.420920900832487
0,0.0329143274575472,0.49872054007908,-0.0674275013073495,0,0.296203692793946
1,0.69619258842431,-0.113574314934951,0.158858227564133,1,0.390714933161867
0,0.815564174670726,-0.33243490018253,-0.86585770148307,1,0.347572310687449
1,0.507422853494063,1.23963395377467,1.18788955880338,0,0.0195619364335917
0,0.112592625897378,-0.238548211946913,-0.541973743557989,0,0.593144920661003
0,0.906323301140219,0.708576892801474,0.573968829408981,0,0.182109010866894
0,0.413338953163475,0.33766529258551,-0.0209755556879236,0,0.422138009600575
0,0.473755787825212,1.98284153620307,1.44398921257678,0,3.01208930853389e-05
0,0.713714180048555,0.630235289353465,0.737812086025896,0,0.18761284529944
1,0.241871210513636,0.00837849764256904,-0.65794040536681,0,0.659795264559953
1,0.299640627577901,0.0692630228179596,-0.0868613838804061,0,0.60129920432678
1,0.704478821484372,-0.0382653801363039,-0.202771694893338,0,0.642008775378633
1,0.771674948045984,-1.83601795751868,-2.18580481139219,0,0.00104133255762577
0,0.0138403405435383,1.15520262005183,2.10979972702937,1,0.00788486394915405
0,0.551313953474164,1.53516456775384,0.511251692500318,0,0.00237694229298171
1,0.652461190475151,-0.745848496121717,-0.728768046464253,0,0.613395911475869
1,0.931660708039999,0.698532647433276,0.0362735640771147,0,0.620302760608933
1,0.690391705138609,0.599909957915867,-0.134613897033326,0,0.755069657010908
0,0.253767139045522,-1.07693567657432,-1.10197055553227,0,0.285818379820148
0,0.411038370104507,0.833741021054008,2.03215311074112,1,0.06453592781189
1,0.122891113162041,-0.628213393385128,0.150700552757519,0,0.6196492659063
1,0.13196655572392,0.126380892858748,0.226749420117054,0,0.540489030465002
0,0.640118008246645,0.568205490159068,0.21057944604194,0,0.26051259182383
0,0.346423432230949,-1.5154962048499,-0.396740392377295,0,0.0628678880701382
0,0.422756604617462,-0.979714442826237,-1.10815055977665,0,0.288819306327675
1,0.939408880425617,0.197439992503353,-0.290813460474736,0,0.734314671971894
1,0.383889230899513,0.925819942651433,0.182302835173652,0,0.532787339503245
1,0.228585131000727,0.230950583411336,-0.0889347198604766,0,0.607267183190026
1,0.69027868588455,0.222130047719216,1.1357833713442,0,0.0437517545522299
0,0.00985791743732989,0.0248304832572493,0.619516610917857,0,0.521460787287882
0,0.686130894348025,0.371851774459306,0.677222616491923,0,0.389965855934808
0,0.791674596024677,-0.901006566335896,-1.79753682398083,0,0.184016318744719
0,0.507493488723412,0.725533333162733,0.576805829112717,0,0.190130869272855
1,0.308076248969883,-1.05860709379568,-0.460604397568142,0,0.525013505883027
0,0.737212277250364,-0.361998833789292,-0.533848571898758,0,0.510018533395898
0,0.304715243401006,0.0859364494051966,-0.287623423850256,0,0.504830981616787
1,0.774708701763302,-1.59911531043768,-1.5705895436384,0,0.0644435433040713
1,0.112113637849689,0.0985172627223782,-0.289980412672101,0,0.589407998557047
0,0.797743699979037,-0.325900656305851,-0.520182401407967,0,0.498027454365487
0,0.491001167334616,-1.34694908017663,-0.0351352928979191,0,0.0976467721433408
0,0.832918174797669,-0.684295174162725,-0.382494602355457,1,0.317448331189897
1,0.758423154940829,0.855879030836196,1.53986723511066,1,0.000946513775049192
0,0.902146560838446,-1.22433974366763,-1.19724382524986,0,0.128812711755692
1,0.278440013062209,-0.0823929799754128,-0.331907342143783,0,0.521979948808888
0,0.445692849811167,-2.55762707691167,-2.19728621107769,0,4.28290889769995e-05
0,0.272015735739842,-0.241583284640718,-1.05520729484289,0,0.58347301374589
1,0.329918325645849,-0.884484953838326,-0.0797794352396071,0,0.561654725778891
1,0.863600653829053,1.54409324050081,1.42262964744691,1,0.0015919466791489
0,0.109857953386381,-0.0975475250850478,-1.75293117082446,0,0.67115539233339
0,0.402256899746135,-0.600823801879854,-1.07684703353824,0,0.437108934396443
1,0.406075093662366,-1.23084825331854,-1.4575459943172,0,0.0901486415001997
1,0.436479254858568,-0.371838785759451,0.717700929758096,1,0.114968326428343
1,0.177000096300617,1.13160237011823,1.08833789264049,1,0.0102117057881135
1,0.265730200102553,-0.746349422213714,-1.55907600786979,1,0.0571266874528062
1,0.659550013486296,-0.330885745388962,-0.488011491288835,0,0.638576338511743
1,0.816055504838005,1.56082906346691,1.06731802032806,1,0.0199644108053636
1,0.421184344682842,-0.227073820753805,-1.08919849911224,1,0.322410247722088
1,0.160064304247499,0.842330112110598,0.476278948597617,1,0.186602106751629
1,0.288610127288848,0.882944099370833,-0.133719075430446,0,0.69997100788367
0,0.802129008341581,-1.99051215975126,-0.520467034942274,0,0.00199271200271555
0,0.164245681837201,1.09416440586202,1.24656641949533,1,0.0136838541174589
1,0.789792735129595,0.593591517332534,0.935956246400501,1,0.0519228225120367
0,0.524214969947934,-0.154205361015474,-0.784870915852225,0,0.549180900459725
0,0.320035002660006,-1.22426617010178,-0.514599958803047,0,0.124429341482914
1,0.275177087867633,-0.518483182228113,-0.232501639437107,0,0.684316781195135
0,0.8018980382476,1.03999457571899,0.525887668368798,0,0.0368278626588353
1,0.104024431202561,-0.513172351810164,-0.572182809274826,0,0.539387857915644
1,0.838122266577557,-1.69310935994355,-1.91199655175195,1,0.0261809191696166
1,0.0792628736235201,-0.489819030508804,0.214936330629856,0,0.500754538742112
0,0.717564067104831,0.787210656009484,0.697576352604318,0,0.131591788106689
0,0.864617826649919,-1.41200635885303,-0.817601497101187,0,0.0550063919934974
1,0.97855820809491,-0.428692537256082,-0.0289471176413282,1,0.5728538889893
0,0.249126207549125,-1.09353529044827,-1.25740051191668,1,0.377759217400232
1,0.0248606903478503,0.126011393749463,0.0986698428919324,1,0.419961509597178
0,0.22297823196277,0.108746727464234,-0.363614850751101,0,0.432172815542254
0,0.122025499586016,0.103985415989209,-0.168779376400738,0,0.540547981376549
0,0.385239424882457,-0.216246435353922,-0.980822331279047,0,0.466515195873358
0,0.0843304744921625,-0.566023445954571,-0.79846441627415,0,0.525344026275556
1,0.28258189978078,0.938057872666962,0.738200850826494,0,0.237438331048357
0,0.566582458792254,0.16084236767308,0.0413946498932423,0,0.440885062479476
1,0.328542302362621,-0.864264260009409,0.504687093363965,0,0.359863010284384
1,0.943474682746455,-3.13010328129521,-3.05058826707206,1,8.81066256734142e-07
0,0.377303513931111,-0.822137642868095,-1.63156392429268,0,0.332813328195509
0,0.953315612394363,0.479255991814347,0.988223610947654,0,0.255706074757238
0,0.273252867627889,-0.312384571353459,-0.470139981269171,1,0.347854951408306
1,0.687330156099051,-1.54809537514446,-0.776150289004651,0,0.514205091791696
0,0.136991804465652,-0.437251975172561,-0.407802028032331,0,0.59719489427754
1,0.810210771625862,-0.801253473157454,0.0788094837192367,1,0.457414654290862
1,0.762604692019522,-0.477554010676331,-0.486989694868797,0,0.661962072059464
1,0.442404833855107,0.62623450553534,0.32901885696068,0,0.53577044696091
0,0.456675694556907,0.920849145890652,2.0046237500002,0,0.0497334876596119
0,0.680455088848248,1.32444164575068,0.576190933864354,1,0.00191071348356708
1,0.0743979089893401,1.08211961555225,1.31484493733142,1,0.00200900197154522
1,0.646629075054079,-0.049882999611352,-0.584629473771692,0,0.657619899635678
1,0.789914111606777,0.485355991837235,1.1387734935647,0,0.0627726387382987
1,0.223316506715491,-1.06433021550487,-0.822806679070848,0,0.477536619399648
1,0.0409439904615283,-0.0163856535004784,-0.251412066203504,0,0.399740563221237
0,0.384648363338783,2.20531449255133,1.99845925484394,1,1.25761733712944e-06
0,0.344092153944075,-0.255718119084929,0.231042949408737,0,0.588120565500962
1,0.446368692209944,-0.00197278694779363,-0.585300657902464,0,0.590151377082183
1,0.38683316949755,-0.349014030439892,-0.774742998524632,0,0.447981808817903
1,0.918317915406078,0.630084509878432,0.85348007494062,1,0.0655942351018148
0,0.174017543438822,1.82019770409325,2.23113842391621,1,5.94507734957692e-05
1,0.149870562367141,0.866072906779688,-0.07327301703237,0,0.512872505457255
1,0.613199228886515,-0.303927627989973,-0.198625399206327,1,0.578470797195092
1,0.017243331996724,2.31265499468838,1.67634749448102,0,0.000765867683623022
1,0.0661104843020439,-0.573282904544331,-0.924826942128052,1,0.393038002380799
1,0.778839041478932,0.728846849421677,1.44769939770097,0,0.00492815568295584
0,0.935656127054244,-0.679519819036718,-0.130953717083601,0,0.323338479268578
0,0.207204139558598,-0.92968537207282,-1.0356849355604,0,0.339433154604424
1,0.64334315690212,1.42728959041818,0.916167596041242,0,0.0560542005205802
0,0.331379575189203,-1.8159416086932,-1.64596717137736,0,0.0114691396846025
1,0.955421590944752,-0.730075806717677,0.137145211601414,0,0.622849173308451
0,0.817189157009125,-0.233237088541129,0.263081255003452,0,0.46947017141786
1,0.740276143187657,-0.535265048440211,-0.315550071143856,0,0.707638333968983
0,0.222705976804718,-1.59611599003324,-1.55465479376249,0,0.022889727586665
1,0.0457247165031731,-0.907032937245401,-0.326726820432317,0,0.557038627320063
0,0.366526579251513,-1.74862285054784,-1.24639520367803,1,0.015631164636486
0,0.741393025033176,1.62801101419751,2.07126813362127,1,0.000337887290792531
1,0.933506249915808,-1.59095576474065,-1.98072733919553,1,0.00850177432575179
0,0.673209949862212,-1.2890266129569,-2.76217308584678,1,0.139865520862391
0,0.70135710737668,0.826269091281304,0.515684644302074,1,0.0369826987805263
1,0.847625407855958,0.516951831225261,1.22855233850177,0,0.0200611367104226
1,0.706156654981896,-0.136381928126885,-0.240608899582058,0,0.772923675604366
0,0.85880775959231,-0.0241768433119014,-0.373650308452923,0,0.40083857366912
0,0.44564449111931,1.25473702484346,0.139911359694586,0,0.0133924106850111
1,0.676634992007166,1.51075900120897,1.17973062899808,0,0.0240510241220407
1,0.127824782626703,-1.30842271014354,-1.75107120690664,1,0.0194782888992012
0,0.736171535216272,1.42079843556594,1.08845179208333,1,0.00115390591400832
1,0.0672451483551413,0.164717088194936,0.2123190096319,0,0.344187784834777
1,0.2808000696823,-0.262205191057764,-0.390534959215059,0,0.581808466720218
1,0.411617683712393,0.871019441341873,1.56253390156197,0,0.00330324021789999
0,0.943424997152761,1.33210913326671,0.475581643077271,0,0.00452262228181841
1,0.97734253318049,1.63809936498759,0.820091322967493,0,0.185100509001807
1,0.0388665851205587,0.0204338859903724,-0.580491604617058,0,0.560683450120146
1,0.587727777194232,0.75446996958151,0.738527547189822,0,0.18048352030559
0,0.0300116771832108,-0.310868325092168,0.879707938261996,0,0.631315511077717
0,0.565281208371744,-0.872558236422814,-0.122294970851792,0,0.359830127795678
0,0.0982272308319807,1.79367641726178,1.58642879364082,1,6.69264713302389e-05
0,0.630290788598359,0.368811941340384,-0.0577241939653235,0,0.295601080947307
1,0.818501834524795,-0.398777773271566,0.293590276129642,0,0.520287917500816
1,0.350041663041338,0.424395728723476,0.593101460934728,0,0.352797390629112
1,0.133983674924821,0.489446067775161,0.260223252069174,1,0.200591514407207
0,0.080943378387019,-0.668480270383473,-0.689098152043006,1,0.475097314303216
0,0.350443314295262,-0.376300523259445,0.274009684037745,0,0.459577772134235
0,0.996271784650162,2.53573359000734,2.47786248771451,1,1.85786303768734e-08
1,0.532968810759485,-0.125258742308209,-0.0143768827653211,1,0.562864498163827
0,0.335897380486131,-0.498668843631986,-0.0712215182020239,1,0.449467888835928
0,0.314234643476084,0.854728107439237,0.557784496789633,0,0.0933368057045171
0,0.382622060365975,0.941120502626049,-0.168856867518619,0,0.0738647797017375
1,0.018546407809481,-0.511786277019215,-0.523656516824291,0,0.486709247179346
0,0.0365391168743372,-1.37606533247596,-0.70659357755626,1,0.137152415426893
1,0.878513294039294,0.862953957872113,0.767824610264618,1,0.101710829047466
1,0.402064023772255,-0.0675460264214594,0.296148977168562,0,0.406251706576495
1,0.469381074188277,0.613842196568596,0.313778857708779,0,0.478314673491342
0,0.402336510131136,-0.0289353844863315,-0.531439066069662,0,0.393987569374481
0,0.702090102480724,-1.70865511968061,-1.46924243872913,1,0.0260189267685086
0,0.399164465256035,0.171881039267233,-0.0389749258248803,0,0.53666272801263
1,0.501958322711289,2.06848906975017,2.52987702551474,1,5.32374002472577e-08
1,0.0369737506844103,-1.66688125379867,-1.14489272584907,0,0.278467828243432
0,0.297975734807551,-0.834700209208946,-1.05961251752638,0,0.437934458702858
0,0.962841981789097,-1.31258282871064,-1.25736786154421,0,0.0615081299667119
0,0.935096904635429,-0.60333167079122,-0.0990130076830172,0,0.493767764756586
0,0.961099177366123,0.928913539164423,1.72836676318722,0,0.0569660607976075
0,0.792595364153385,-0.0387760110154787,-0.256135618755828,0,0.510753495638448
0,0.754777192836627,-0.113502971900003,-0.378098882087351,0,0.525338938668435
1,0.065966630121693,-1.15276168655634,-1.32596203844055,0,0.114190929215986
1,0.135504779173061,-0.268601998580275,0.394144458314022,0,0.239594754503395
1,0.123599375598133,1.20195731038807,0.7895328241346,1,0.0498386875221566
0,0.762543860822916,2.35161509852617,1.99599678334243,1,2.07497620902008e-07
1,0.903465715935454,1.33406210009791,1.19480667791608,0,0.0498112142984915
0,0.402659090235829,-0.481736235016167,-1.19178708467493,1,0.51296763914253
0,0.182563007809222,-0.367597839285045,-0.600192107074414,1,0.511878567065577
0,0.37456521904096,0.693545343548343,0.474918747025907,0,0.23373975381141
0,0.506208677310497,-0.0260549440596351,0.00673989424165071,0,0.545719880222058
0,0.9135026789736,0.0783928924969436,0.45121551320125,0,0.404274342692708
1,0.0766451810486615,-1.69193240542121,-0.832324704759982,0,0.386578103931822
1,0.109745523892343,-0.632409416803823,-0.188037164408869,1,0.520567429845439
0,0.754267222480848,-0.542836015334,-1.23913813471466,1,0.407664925382121
0,0.304598775692284,-1.30513087697366,-0.480985953366913,1,0.190983017548162
1,0.72380965645425,-0.912418978722572,-0.470413939868326,0,0.596981858362862
1,0.232330028899014,-0.416617930032593,-0.381247660951438,1,0.426019096434296
0,0.393458866979927,-0.373535472947758,0.362633062809895,0,0.605040230365864
0,0.507879396900535,0.460826845735263,0.757636479258159,0,0.216511634410675
1,0.939916865434498,-0.447521937801835,-0.5319068360073,0,0.620583110430486
1,0.0578751706052572,-0.664766406041732,-0.983722587653346,0,0.30221271294217
0,0.304765704553574,1.31157790559116,1.79718249921044,1,0.00379994815723856
0,0.240924044046551,1.5614203768389,0.350319827313957,1,0.000419773421312509
0,0.385203435085714,0.71262278959695,0.627786984148654,0,0.137008322912083
0,0.762983355671167,1.9436521699728,1.32630670883394,0,4.7494676639406e-05
0,0.864646998699754,-0.387130256808699,-1.49359392622462,0,0.414650292817769
0,0.679111215053126,1.90952073722826,2.03145856890101,1,2.41969956838504e-05
0,0.676762705435976,1.21458890170014,1.14453347654045,0,0.0121729174479334
0,0.165052519412711,0.849592867515484,-0.259022312399463,0,0.0969504428842253
0,0.802867429330945,0.677057451903136,0.523871020916716,0,0.105430507243124
0,0.711993431439623,-0.0561981402027218,0.174190760646951,0,0.470987827228797
1,0.928703089011833,-0.28265012400787,0.0694724578004202,0,0.671357649157706
0,0.00749460491351783,-1.59659255684703,-1.43535323303582,1,0.0561982003336044
1,0.596331653418019,0.517254969777722,0.91114511868418,1,0.0498188230183858
1,0.366745680803433,2.00770108422215,2.11314025046454,0,3.13012276891681e-05
0,0.741967155365273,1.90925178259773,2.11050675973254,0,6.16612628703023e-05
0,0.762087390525267,0.19435852839631,0.132247380982788,0,0.355122071742504
0,0.260722959181294,0.180129318018325,-0.387636388180364,0,0.435789602924434
0,0.254935881355777,0.105861760979529,0.244211639054769,0,0.463178951135531
0,0.678840809967369,0.849468961719849,1.35476789999607,0,0.0815643222509267
0,0.485480662435293,0.797803644199545,2.04383737846167,1,0.0540775198698776
0,0.378584530204535,0.513241080651745,0.271455164318747,0,0.269288069194357
0,0.0555479826871306,1.06846054448608,1.07489739787351,0,0.0557879521889787
0,0.899025898426771,0.556460331686338,-0.608541757487334,0,0.217180501542804
1,0.801723313750699,0.695623394806354,0.261764378934263,1,0.446276116172635
0,0.481013050070032,0.787354682656095,1.4932694194591,0,0.102296117684214
1,0.0321287591941655,3.57008275345345,3.43077689965451,1,2.46270439306621e-13
1,0.51200681226328,-0.207733808352295,0.103857741694408,0,0.603529444926524
0,0.373101272154599,-0.825392313430782,-0.459814711578147,1,0.393527753104783
0,0.498571684816852,0.688829686824951,0.168699041038371,0,0.204826449097303
0,0.399265736807138,-0.394557448633216,-0.386062998939747,0,0.561033661821242
1,0.0209469445981085,0.547314142161804,0.674677385116064,0,0.135574187602414
1,0.524289028486237,0.413561792945911,0.242842608832423,0,0.492333646336158
0,0.1603988497518,1.20950234348908,1.32219574355378,1,0.00663611932633338
0,0.205114235170186,-0.743981768308503,-1.10218515935017,0,0.484457715589013
0,0.975226715672761,-0.843652479848423,-1.47531774076566,1,0.284627798196295
0,0.966354875126854,1.36318415337145,1.65210282857729,0,0.00598343517139963
1,0.760070322314277,-0.165067525649664,0.598413413911862,1,0.239967771104547
0,0.0763705321587622,-0.936887739277796,-0.837404586567094,0,0.351009265718291
1,0.515823876019567,-1.01374223160357,-1.0517002392877,1,0.30309814885516
0,0.600305194500834,-0.450598520817774,-0.611883855426126,0,0.55256895695164
0,0.437024090904742,0.180639435402188,0.955135747044061,0,0.524663143907721
0,0.00164226116612554,-0.808364036485836,-0.205870466671089,0,0.503296843782957
0,0.435551518108696,0.90593245700903,1.6751601741588,0,0.0617011084767524
1,0.500963768921793,0.0638704515291378,0.405174056502382,0,0.390802126658944
1,0.669604706112295,0.113369758712082,0.263414462718215,1,0.270761212549136
0,0.694857106776908,-0.151760032795087,0.121907238729234,0,0.453823337319278
0,0.782510314369574,-0.358319745176033,-0.21408167432851,0,0.452793066311416
0,0.139022845542058,0.167397286476094,-0.489934565762114,1,0.283745625304324
0,0.163245677249506,0.522975727970486,1.70155523644704,0,0.307983769784134
1,0.759542910149321,-0.973882224468632,-1.60128176405516,0,0.0617122970316915
1,0.443703617434949,0.784421083676009,1.30602039415633,0,0.0143902390861243
1,0.629668830428272,0.001194475461401,-0.675748996248301,0,0.440692355101835
0,0.104512860300019,0.95142409547602,0.461844283321363,0,0.0558417256382628
0,0.835548897273839,0.137962016937963,-0.25032451997244,0,0.470167432924276
1,0.333949361927807,-0.966369508376361,-1.62235330046914,0,0.0675455093278729
1,0.199519188608974,0.352837835156433,0.314447773601215,0,0.538264270032896
1,0.694545476464555,-0.381426870973364,-0.84656898617635,0,0.582520729788699
1,0.165878762723878,1.03844713877473,1.12436473874264,0,0.0561099729772061
1,0.0739639038220048,-1.34858001889224,-0.243596255933319,0,0.614010452752434
0,0.0382361884694546,-1.92142993627722,-1.51743382001651,1,0.00938154444494451
1,0.846020216587931,-0.358099731593384,-1.28462130758987,0,0.147104756233391
1,0.373548197327182,-0.680981914592657,-0.419325761060065,0,0.657013667377033
0,0.880710697267205,-0.814807339279049,-0.773902042049699,0,0.371551146413547
0,0.090317772468552,-0.760457795562637,0.303455665969853,1,0.342243123202211
1,0.495907411212102,-0.710906998021688,-0.434226381450402,0,0.638849750971418
0,0.754322736058384,-0.324256575299422,-0.465821811354059,1,0.428529705441373
0,0.605890813050792,0.661194135661894,-0.0302900069888449,0,0.136973756522997
0,0.52841279655695,-1.1319733445237,-1.1063456042677,0,0.217353995836405
0,0.91020668274723,0.405228551606503,1.05700238257455,0,0.168361402723781
1,0.98572890390642,0.24238239358678,-0.247298642389571,1,0.602325928211816
1,0.279742561979219,0.172817362966294,-0.246349948503456,1,0.540571331712063
1,0.123491694685072,-2.22801372517488,-1.68876715623137,1,0.028435352512889
0,0.17437904397957,-0.540781161298015,-0.038644542052582,0,0.510031889920552
1,0.881335254758596,-0.455108241563543,-0.613698380547544,0,0.685929686673915
0,0.124628272140399,0.948412942762117,0.681392330735597,1,0.0408605654778836
1,0.298968904651701,1.41209276589691,1.26320390317851,1,0.00553911959091908
0,0.164734639925882,0.881224541224524,1.48712484125643,0,0.0818014892915665
0,0.0726095444988459,-1.08682832171332,-1.05471904576099,0,0.308391952901286
0,0.238413982093334,-0.836456039599308,-0.694784196317911,0,0.329382718131744
0,0.716666605323553,-0.532876280047785,0.360681358240708,0,0.480427420757458
1,0.645020991796628,-1.25723175613057,-0.781058965030476,0,0.596904161635964
0,0.0758749665692449,-1.87627940068314,-1.20967671991978,0,0.00621054524311508
0,0.172708922065794,0.289946494294738,1.23224690455073,0,0.509256221889741
1,0.145670357858762,0.151208475609522,-0.0201067762570641,0,0.650109991491757
0,0.391901184339076,0.61889158445938,0.562922717613049,0,0.224241358629327
1,0.231745099416003,-1.20286434432024,-1.11128268346405,0,0.363109327745252
0,0.561379822902381,-0.452486071230876,-0.202391880150607,0,0.553142451512085
1,0.583520186599344,-0.989108962653549,-1.26383276883011,0,0.262671891848442
0,0.098759338259697,-0.859855651593951,-0.735555508594441,0,0.463432859195989
1,0.15891654137522,0.414516255756016,0.026381909811978,1,0.482887607016169
0,0.922065404010937,-0.880641599875964,-0.687028579195116,0,0.224845528167257
0,0.859449719078839,-0.696064572327103,-1.21486602946634,0,0.413102552047586
0,0.907198753440753,-1.19260010708358,-1.31986508874471,0,0.133787667095057
1,0.115268956404179,-1.76048354825278,-0.998297112203681,0,0.279875560934844
0,0.0355392340570688,-0.735591141437261,-0.924129996825412,0,0.408054896123087
1,0.585754387546331,1.82965847915249,1.44766472578102,1,0.00219155874382115
1,0.314168264856562,-0.790889313462708,-0.47024516619006,0,0.566666776051742
0,0.556889274157584,-0.250368567052292,-1.89085403687951,1,0.416627097444668
1,0.354495415464044,-1.37970179900374,-1.32384190716288,0,0.21611080514298
1,0.143268311629072,-0.201507797751876,-0.0882611194307704,1,0.481110870516829
0,0.567135462770239,-1.02099127901262,0.263103850660536,0,0.298779857769892
0,0.334098657825962,0.396035571831483,0.0888294457199842,0,0.296474177733697
1,0.120401190593839,-0.0522009741089669,-0.491595716539158,0,0.590677764940721
1,0.255854324204847,0.208604431401877,1.46038754509496,1,0.00107705962640202
0,0.353385316440836,0.591987729646383,0.7931351980904,0,0.227382745305613
0,0.831319929333404,1.01730167748483,1.01408876041008,0,0.0535176717835009
0,0.783223916543648,0.0939546626174759,0.374430902501194,0,0.478791669498796
0,0.940152207389474,1.19428090527067,0.949238473622151,0,0.0166324104222185
1,0.839199031703174,0.258028850784033,-0.405280935730163,0,0.676515709252287
0,0.148985019186512,0.686124186449654,1.10839298489943,1,0.174777776422459
0,0.590676085092127,-0.17631805369212,-0.127565888111046,0,0.473810569431341
0,0.823962600668892,-0.628365164250366,-0.682544561640779,0,0.376165801577011
1,0.631885365350172,-0.813129589067502,-1.53378171969519,0,0.0527129991443746
1,0.469929961487651,-0.463922105538264,-0.899699260482047,0,0.438223802375329
1,0.258740903576836,-0.852162391251199,-0.587951569110588,0,0.552643917293755
0,0.0245803508441895,0.814668290024068,0.293438956448802,0,0.16908353914961
0,0.328808127669618,-0.186911390499164,0.0866960706872369,0,0.556856328465231
1,0.224853484425694,-0.946416619075513,-0.266061143170227,1,0.631170222934681
1,0.877331839408726,-1.12341522699912,-0.604568696655875,0,0.560385564579119
0,0.67765420069918,1.8187475351782,1.09096184284585,0,0.000164948933222978
1,0.52593330363743,-0.262466726840794,-0.192929630405595,0,0.68004408164344
0,0.557686663931236,-1.20377611092087,-1.19834523227272,0,0.227225525319329
0,0.247471673414111,-0.66140376494576,-0.165735708602232,0,0.565856865802434
1,0.00729677081108093,-0.0152156326817986,0.19468068200119,1,0.404990806496076
1,0.948906435165554,1.15952158854508,0.44286493950481,1,0.265130048955904
0,0.719150138553232,0.0109780911628434,-0.174348974755448,0,0.547064169104128
0,0.279324544593692,-0.201116466987112,0.416270083373696,1,0.360661237883078
1,0.743782856035978,-1.25568381059295,-0.743711146227591,1,0.508474696714088
0,0.870748400921002,0.264645598039095,1.26730427131609,0,0.341650126708815
0,0.380370125174522,0.364668690805425,-0.17250070985983,0,0.372807841594629
0,0.719447515904903,0.892476283496877,0.525094105565103,1,0.0217556020481933
1,0.239606710383669,1.59025702580253,1.38522863073023,0,0.00826302108401729
0,0.647764874156564,-0.100508191661447,0.444669552709403,1,0.384557379337253
1,0.975670760730281,-0.29971776222078,-0.243771458336607,0,0.744689745200241
1,0.377998807933182,-1.14408520039235,-0.331843469201964,0,0.682637932715304
1,0.464144128607586,-0.707743495242978,-0.400992198342255,0,0.655668865650673
1,0.812296295771375,-0.91889197394491,-0.840868370402852,1,0.568521654821868
0,0.494408113183454,-0.145307270089465,0.85684521098794,1,0.384339667989006
1,0.0503090226557106,-1.55354270502202,-1.26960453591974,0,0.17439816125097
0,0.130621740594506,-1.86811296917196,-1.48915782895984,0,0.00806301055349694
1,0.161438316106796,-0.649538129940315,-0.634196401479716,0,0.596251820844874
1,0.0894531598314643,1.08802563199887,0.997626679970129,0,0.0575405670720596
0,0.403614088194445,0.315599271041147,-0.0793278912538321,0,0.435342468078937
1,0.0638598678633571,-0.124310182581659,-0.826397510450791,0,0.438788606568623
1,0.562005922431126,0.705018957077338,0.582959630997903,0,0.326204984607496
1,0.336524107959121,-0.345523092617963,-0.330559980727355,1,0.492951102840545
0,0.540642281062901,-0.611101104077793,0.389931887026543,0,0.501534690032323
0,0.913231221958995,-0.252524800915729,0.392917986619257,0,0.514258620251927
0,0.38688075914979,1.14472971723568,0.949570065669725,0,0.0308855094215915
1,0.960267164045945,0.98742261408837,1.49888299696148,1,0.00144626442546961
1,0.384686591336504,1.53071224978175,0.936247480760898,0,0.0687767334700032
0,0.941601979313418,0.908815678824173,0.974436366508514,0,0.0804422054383928
1,0.680635657161474,0.187676957323019,0.446070824774408,0,0.347837240812959
1,0.902642353670672,2.2726246936792,1.34292679898472,1,0.00443197086804337
0,0.253797065699473,1.63816144277056,2.29143330337835,1,0.000267458820051026
0,0.406097129452974,1.46614566021348,1.08942201804759,1,0.000984242922275103
0,0.0142486135009676,0.28454338802885,-0.707084460886791,0,0.474219664153408
0,0.11044779419899,-0.659958575161715,-1.3406126036627,0,0.35376924039251
1,0.501537791918963,0.725286699726814,-0.3541403822242,1,0.509210067688296
1,0.371526648057625,-0.421168239412354,-0.64685001557366,0,0.615405388602025
1,0.805915554286912,0.0383220127858653,0.490633525189305,0,0.415310662821408
1,0.00792284356430173,-0.37567763485366,-0.683256042939009,0,0.48111198754639
0,0.836512059206143,1.222017143364,0.550061643062751,0,0.0175292219723424
0,0.37683917931281,2.19710707612798,2.0143956138132,0,7.87793242528094e-06
1,0.385248533217236,0.925449540445489,0.928831461623189,0,0.113929655648681
0,0.951530575519428,0.645935069948723,0.78098125956612,0,0.205113663677616
1,0.475674239452928,-0.0866431273949454,0.158499914816958,1,0.372303339108523
1,0.552093794336542,2.16455960216135,2.03035775077419,1,1.32131729407173e-05
0,0.934716325020418,-0.0556104505838856,-0.0974747449253542,0,0.401482507199286
0,0.86343625606969,1.01611839841528,1.63123794774384,1,0.0162895596701336
1,0.259914484340698,1.08218474977671,1.94799737990581,0,0.000102066747495803
0,0.687699834583327,0.380964800409392,-0.0724735229766673,0,0.310788220071872
0,0.447907246183604,-3.2633707281619,-2.99432302578074,1,4.93013545054388e-08
1,0.21801627590321,-0.322404496538599,-0.312229467174747,0,0.666879996553256
1,0.68623681506142,0.0778583581305476,0.801371476599687,0,0.249182801678555
0,0.959382025292143,-1.50900101050657,-0.999492652545332,0,0.0345760806975088
0,0.259404480922967,-1.53654477884719,-0.947076919794479,0,0.0404407601942772
0,0.468759991927072,0.953960606384709,0.789495618051547,1,0.024822942041726
1,0.321339557645842,-2.97518366264385,-2.40295565555943,0,0.0002007106906247
0,0.164642814546824,0.0304250732388165,0.418837655862125,1,0.372982594627145
0,0.714727725367993,0.0888910708986952,-0.606392031529581,1,0.309608588165729
1,0.52816575136967,-0.378106161617969,-0.888630543898952,0,0.546222390695188
0,0.234714680118486,-0.315253790088389,0.437101855928762,0,0.538877818158477
0,0.0644316615071148,0.178658667830519,-0.073870375642424,0,0.518504141261233
0,0.67576349619776,-0.122752262229449,0.597884182541183,0,0.530989384847705
0,0.806145361857489,-0.0611631328963449,0.299750273023055,0,0.485343474840233
1,0.115471235243604,-0.221490483729275,-0.808096335124222,0,0.440912381742421
1,0.692014421336353,0.396208108374809,0.100993083481692,0,0.627137383070109
1,0.0217862285207957,1.68996002884115,0.979351275253917,0,0.0809005422393069
1,0.361376708606258,0.589566402882238,0.693761574034871,0,0.244700463897415
0,0.732280049938709,2.40917159609186,0.470460520916814,0,6.04917337794433e-07
0,0.312623041914776,-0.596126402710232,0.0673833895835447,0,0.511713871475719
0,0.447153053246439,0.48112257427168,0.640446204160221,1,0.162081644303085
0,0.825439068023115,0.260980534317535,0.707248923057243,0,0.315985975707395
0,0.331795465201139,-0.653942246322659,-0.775723215251431,0,0.546074141964464
0,0.144025167217478,-1.17859231390644,-0.392703094851135,0,0.156301882915301
1,0.30092075210996,1.74685464814287,1.85070784280747,0,0.000449511054367369
1,0.162601796910167,-0.526807709347673,-1.06444529249398,0,0.274800137896719
0,0.839471578365192,0.935809849389942,0.892922529950018,0,0.0429043647737958
0,0.664307477185503,-0.502674660065714,-0.00931807985934441,0,0.419284285719717
1,0.138867305591702,-0.661031288203766,-1.45309549982362,0,0.0812472046367435
0,0.325881813885644,-1.45598837503243,-1.49513799248504,0,0.073540688890526
1,0.831430218880996,-0.942158765505162,-1.37822457923876,0,0.109528388651021
1,0.822539104381576,-1.45223821958432,-2.29871028575712,1,0.00106305171676969
0,0.149399920366704,-1.4243105518202,-0.276174397765727,1,0.0954999052734492
0,0.421279689529911,0.890362282030468,0.98202151529777,0,0.1015045577179
0,0.445182651514187,-0.699552034658389,-0.417968604232604,0,0.537975376503001
1,0.883927375776693,1.63602862172638,1.70471013919035,1,0.000226501125232615
0,0.414997326675802,0.266968738827984,-0.599116345092826,0,0.358136547690574
0,0.689892161870375,-0.922135365753746,-0.88212929376352,1,0.340712432584823
1,0.71692087710835,-0.642795423743412,0.0953685889798162,0,0.613242956183247
1,0.0123791699297726,-0.943168152390657,-0.189830788093404,0,0.626570758151246
0,0.0378294484689832,-0.285351019721276,-0.568568127949878,1,0.644676194220708
1,0.0908774142153561,-0.357423493737185,0.472829207043677,0,0.364918692112371
1,0.398823967436329,-0.331463371420021,0.489641606814634,0,0.375334595439208
1,0.900214575929567,0.506322291352896,0.952484472601433,0,0.0738167575352891
1,0.444902628427371,0.0628746053754344,0.975187884014163,1,0.026832754656285
0,0.75515309209004,0.468995162471729,1.02491641369283,0,0.286455200343354
0,0.711470239562914,-0.0172490196795151,0.271486292887838,0,0.520585621885164
1,0.166756350314245,-0.243375535133756,-1.30866085761729,1,0.145915056245384
0,0.869142389157787,0.243669546616214,0.620672601208794,0,0.372535576088721
0,0.0891845354344696,0.375961625383516,0.417770064811806,0,0.340859171979955
1,0.16301366337575,-0.158824845655988,-0.617542279079547,0,0.53850897618466
0,0.849353688303381,-0.332120932668317,-0.414381774042747,0,0.520963474996406
0,0.628130341181532,1.32614215942268,0.780493535511805,0,0.00621496698553804
0,0.208459950983524,0.956052754496503,1.62241209101677,1,0.020478875210219
0,0.672860826831311,0.157090763569051,0.0629726993401042,0,0.436021337432984
0,0.964205690892413,-0.0119480451627374,-0.742588017329528,0,0.392572452312706
1,0.88173885201104,1.55041888629919,1.62795488582277,0,0.00194017348077632
1,0.961764686973765,-0.842482574863572,-1.54981754127262,0,0.0698268817266323
0,0.464693185640499,-0.512145571058984,-1.2419788649629,0,0.558121337386371
1,0.0728773572482169,1.3119976678733,0.323093597226346,0,0.370728827331076
1,0.874308753525838,-0.704248453786164,-1.07562663001279,0,0.410953511045963
1,0.198872806271538,0.989053333715188,0.729784451291942,1,0.102685690249213
1,0.53458975860849,-1.186403940599,-0.623664430659401,0,0.506279965653094
0,0.105562190990895,0.681948849534139,0.354746202554401,0,0.287538923388344
1,0.383995017269626,-0.492655205469879,0.142620461775118,1,0.458844644682777
0,0.747705924557522,1.22279382750631,0.492555390784398,0,0.018274074888744
1,0.695790997939184,1.53192014560803,1.02486288695381,0,0.106683934563858
1,0.0983917720150203,0.194752076244565,-0.393773141816519,1,0.631777909634718
1,0.611531793372706,0.98895481952089,0.194145581477737,0,0.652106111001839
1,0.0209252538625151,-1.5697347191568,-1.8921966056318,0,0.00485900841563865
0,0.649712249170989,-0.221062426371827,-0.284261003076078,0,0.597378952158408
0,0.978378070285544,-0.966595501230839,-1.36115887585598,1,0.239938886816133
1,0.842504459200427,0.195756111538769,0.197563736930367,0,0.60737037632986
1,0.842785842018202,-0.283859138022655,0.256940940534078,0,0.561865756565571
0,0.387452162569389,-0.48733822479015,0.0349203762357587,0,0.522438596352162
1,0.79307110211812,0.286828044389015,-0.649066208413429,0,0.576833369322349
1,0.406196559080854,0.834564192555783,0.995265325495461,0,0.108479078705464
0,0.253348905127496,0.166540448594611,-0.46279380453224,1,0.368703897894039
1,0.419303989037871,1.83136147132107,1.73534904799348,1,0.000185776555252334
1,0.495499532902613,-1.84099705798735,-1.8217419799505,1,0.0179054838057817
1,0.858245956944302,0.528170371784831,0.16295640414511,0,0.565022298485534
0,0.732264853548259,2.25707962489298,1.81030955532394,1,8.08689285621495e-07
0,0.97442849050276,-1.12570588996282,-1.05895090599541,0,0.233368913452882
0,0.100054909707978,-0.783712430018835,-0.747916539777813,0,0.445278187440953
1,0.832590837031603,0.0904110544725432,-0.855151160956264,0,0.522791801632749
1,0.450554177863523,0.344438309342402,-0.168003592660605,0,0.666122069582442
1,0.85045913583599,-0.585219736215152,0.126082517291442,0,0.699565903489065
1,0.569751543691382,-0.282727497067987,-0.605874851711532,0,0.498163730488933
1,0.961542513919994,1.70062182561657,2.00476831597972,0,7.85993297807906e-05
1,0.954750733915716,0.170776031634323,0.0640010923346149,0,0.561002743143304
0,0.283779508899897,1.23875152492125,0.861849700465553,1,0.00453556211183796
0,0.739606497809291,-2.8812736600557,-2.83597774698477,0,5.49122339653304e-07
0,0.0707425756845623,1.03929710881753,1.13139492165329,0,0.0390541887616309
0,0.900119546800852,1.04123326127665,1.48244937577731,0,0.0349892698152891
0,0.13342057261616,-0.406043884306212,-0.522271087006866,0,0.483745231643126
0,0.555886077694595,0.0171849480281606,-0.449709864063992,0,0.498269957442581
0,0.600408032536507,1.95911433687838,1.24889629107135,0,5.74185789207815e-05
0,0.132961038965732,0.736526815591821,-0.657241385634987,0,0.165176079183884
1,0.509312337264419,0.851624289064002,1.14534489867073,0,0.0384772239547884
0,0.36704990756698,0.558750538510125,0.571603212886402,0,0.212243949452945
1,0.00330454739741981,-0.438961516231388,0.134466199911744,0,0.441975021959173
1,0.0479798603337258,-0.142234073927987,-0.419603439497228,0,0.698419066633698
0,0.882048450177535,-1.54306678945263,-1.18816339940725,0,0.0348115711477022
0,0.823517040116712,-2.18958799234485,-1.92354885374312,0,0.000470604734107552
0,0.413030900992453,0.308911069688714,-0.352190885611654,0,0.270925262394464
1,0.921733218012378,0.260270818087535,0.258643972078375,0,0.574531182080284
0,0.477402933407575,-0.918319921423659,-0.0491610347393528,0,0.352878542014898
1,0.474994423566386,0.878696786021458,0.334685456244902,0,0.608735899326903
1,0.657836067024618,0.439984348501187,0.47286005611876,0,0.356844468194852
1,0.163320453837514,-0.507675775318413,-0.147595013032716,0,0.615268913969125
1,0.0951943711843342,0.11154449510725,-0.0161339903606153,0,0.549539374924546
0,0.861514792311937,1.04153173119334,1.44995676252064,0,0.0329340209215393
1,0.239879169734195,0.154415583968758,0.450776157778344,0,0.369279652577653
1,0.555404131999239,0.999645482205641,0.542210013993345,0,0.297819114588845
0,0.849406595109031,0.430556727692722,0.504396226869617,1,0.208979141990433
0,0.349647580645978,1.73748339578394,1.58169956887027,1,9.52259191661836e-05
0,0.975738595239818,-0.0292901566522063,0.226323698359942,0,0.405002098170644
1,0.869405530160293,-0.648988508701247,-1.2550011207927,0,0.186495692956427
1,0.754124050959945,-0.413309919721484,-0.472366429569903,1,0.50460480505777
1,0.223673420026898,0.214817332195634,0.242333675278698,0,0.498826916373076
0,0.769816465443,-0.344235729424202,-0.173960254724888,0,0.434553233112437
0,0.874713584315032,-0.212062239130824,-0.114081525775662,1,0.425079188143709
1,0.0437931080814451,0.929683498255705,0.349217506891525,0,0.38250554192336
1,0.199760707095265,-0.479260190037428,-1.01254178129812,0,0.28009048821272
1,0.853742358274758,-1.69215791384018,-1.99961458315835,0,0.005921857377361
0,0.652254128362983,2.29346811484987,1.59079557995795,1,3.60256113830576e-07
1,0.869332019239664,-0.125491088907786,0.962635229026109,0,0.1396549042445
0,0.813636587467045,0.990525299510034,1.02951478209951,1,0.0192391755983482
1,0.36144763790071,-0.190064457470649,-0.410300425655132,0,0.591530067401532
0,0.0908958460204303,0.143651201903009,0.0364258804761411,1,0.360212903496514
0,0.574655290460214,-1.96318144792058,-2.1785578860213,1,0.00384131562579892
0,0.654730413574725,0.368991363800124,0.319622057461045,1,0.177489299903295
0,0.822204776341096,0.502918609282839,0.397037324203547,0,0.261101674858102
1,0.455575515050441,-0.698863942584484,-1.04518685374308,0,0.377387437918894
1,0.984328898368403,-0.407322594818956,-0.610902297998073,0,0.665493109128912
1,0.750398378120735,1.4928392557894,1.09158216071342,1,0.0226555265277393
0,0.13355568703264,0.674215276441479,0.228759160636623,0,0.263806904268896
1,0.21517351269722,-0.404391245936646,-0.0824661111475971,0,0.601456410961335
1,0.848379537696019,0.50072059058767,0.209264581705537,0,0.60377617861544
0,0.465341185452417,-1.69783629301557,-0.892606709677938,0,0.0216188574400404
1,0.915767790284008,1.09261226414918,1.16165053657987,0,0.0457994287291242
1,0.916557738324627,-2.07610866884251,-1.5954189978703,0,0.0718040027652714
0,0.819854583824053,-0.835233098750319,-1.09675120028627,0,0.373232641091425
1,0.566901157610118,1.26506920802349,0.0365652134735511,0,0.633585367957485
0,0.615477161249146,1.10399019003314,1.1125449412298,0,0.0349173718215218
0,0.794800289906561,-1.9765719861732,-1.35645826392682,1,0.00376245992797738
1,0.439696548506618,0.59897089376025,0.557669785851488,0,0.325356704273978
1,0.412587253144011,0.450105081590808,0.20707241901056,1,0.447861643735997
1,0.565485285129398,-0.105157588007764,0.0372932120615216,0,0.575738767137586
1,0.151647832011804,-0.605880028429685,-0.598572435745808,1,0.554938158354645
0,0.807460845448077,-0.559276102127681,-1.08721739439226,0,0.470766905476552
1,0.495641366345808,-0.307897130995551,0.599847639237308,0,0.303777937900187
1,0.140509183052927,1.22188894517321,1.09861526359114,0,0.0429407392120582
1,0.110289279138669,-1.01578949079787,-1.84754723811344,0,0.0128564984086829
1,0.110791063401848,-0.644452866398576,-1.37598210016831,0,0.0993380740319919
0,0.00471427943557501,1.43023944561482,1.72027432272592,1,0.00127034298045671
0,0.238404355244711,-1.54273711099957,-0.779616555623285,1,0.0802506032041317
0,0.878822879167274,-2.83429481498807,-2.21721535079645,0,1.89776863735901e-06
0,0.0772186573594809,0.0199065162025754,0.0136847469360284,1,0.422183314076069
1,0.138538560131565,0.0735133763621711,0.588557054454025,0,0.297337599549484
1,0.0475245749112219,-0.203529482123633,0.227996577752175,0,0.512076515534125
0,0.0339188734069467,-0.863867468871128,-0.816247408189639,0,0.469952619964722
1,0.916089018341154,0.32071184053365,0.338677672041698,0,0.514214739506031
1,0.840200393926352,-0.595873579986123,0.254661421840039,0,0.584988459762235
1,0.1788714164868,1.54480910271009,0.22760315121452,0,0.429335652797227
0,0.495267945108935,0.243614045955171,0.335264069815895,0,0.375712679756352
0,0.306958527071401,0.77727881305038,0.556477236114433,0,0.127204884406581
1,0.274376961868256,0.791147843001451,-0.165090131145797,0,0.642161235484721
0,0.128243855433539,0.582467671437398,0.202434142457371,0,0.232084143911856
1,0.429381913272664,0.769042039755087,0.692543722079954,0,0.1979718015164
0,0.695944963721558,-2.07422018242535,-2.32520745496139,1,0.00193026805427768
1,0.335060718469322,0.228562276226404,0.767519508121817,0,0.196498076811572
1,0.701246433425695,-1.48393478944409,-1.1075258955501,0,0.405821345840043
1,0.840534914750606,0.653427501920059,0.0451244341914051,1,0.357402768215298
0,0.882632006658241,1.11616888153909,1.41280817118783,1,0.00637669339232327
0,0.766589350067079,-0.644827357502382,-0.217506279840501,1,0.523003777446175
0,0.322027627611533,-0.450773312707143,-1.10376208048916,1,0.544071216489922
1,0.0421170077752322,-0.0152534909365248,-0.1506872802085,0,0.56690604023533
0,0.8927099222783,1.07182598485322,1.9777984934102,0,0.0305843272691627
1,0.638105145189911,-0.0405692075437523,0.23495709036009,0,0.526989218195615
0,0.554493116214871,-0.106153465072815,0.392303292573664,1,0.473051001315521
1,0.766329948091879,-1.00650459700261,-0.044583473633643,1,0.46646265143119
0,0.0968612944707274,-0.542292660077354,-0.472711598021969,0,0.529579926341392
0,0.748016487574205,-0.207362212525528,-0.0616861040879192,1,0.500506845856397
1,0.875217987690121,-1.82442761362252,-1.23286628527219,1,0.290193230013019
0,0.00766859552823007,1.18435761449166,1.18948914541943,1,0.00834005330055727
1,0.934916985454038,-0.427853189447512,-0.217407094854263,1,0.642518572544249
0,0.406965658068657,-1.77854196057734,-2.07046321210816,1,0.016082896180131
1,0.788763389689848,0.208473007982594,-0.242054916160179,0,0.582133573637907
1,0.976127624511719,-0.218977551671047,-0.244531527099021,1,0.592399397148887
0,0.33340254588984,-1.56934844960742,-1.87761198266442,1,0.0423408872748501
0,0.787214820971712,1.75583119607671,2.1868291465632,0,0.000283150749886355
1,0.0893609160557389,-0.897162035355333,-1.25184894843215,0,0.208219761271537
0,0.0436999020166695,-1.08818157294192,-1.51542296116485,0,0.227124121358178
0,0.514933738159016,0.680941506540812,0.187155821519146,0,0.201218707827228
0,0.0480893275234848,0.684661714178969,1.30279091982613,0,0.217556493373711
0,0.0891961276065558,-0.0832815305379165,-0.293512127232393,0,0.490275624379678
1,0.688325521536171,0.381096709225942,0.056143549867528,0,0.649115697612886
1,0.0348385337274522,-1.02582202313176,-1.09430152723699,1,0.28182071286309
1,0.430910924449563,1.05094707661848,0.786565630313085,0,0.230867189113367
0,0.759294051211327,-0.156763941431233,0.758505318762337,0,0.463957883227501
1,0.831796954618767,-0.0907239127883542,0.285012281369184,0,0.514879225935362
0,0.382462516892701,0.918790514140721,0.520238217492188,0,0.0510214288515642
1,0.615554818883538,0.878038783474416,1.04350086392018,0,0.112311215167853
0,0.344986650394276,-0.775072723350862,-0.633948606641333,0,0.412748213988437
0,0.532278774073347,0.154422968786542,0.770597494909523,0,0.376160296326548
1,0.260009106947109,-0.866696684752923,-1.03654898417401,0,0.278443390896503
1,0.572860622312874,1.91849744080012,2.37014501751038,1,2.7060366898548e-07
1,0.905846678419039,0.117517522105692,0.761032868705684,0,0.219826737993989
1,0.566021878505126,-0.575674932860771,0.506782551591771,0,0.296794658390994
1,0.0564868177752942,-0.46180580670588,-0.481579575117081,0,0.687684720676199
0,0.102113745408133,-0.231624406398111,-0.19264394132632,1,0.44790797451209
0,0.328341855900362,-1.39692979522705,-0.721288703473634,1,0.11950216740683
1,0.990600507240742,-0.0172210520731863,0.139308941386005,0,0.747287760143991
0,0.714365339372307,0.502117568480908,0.620316974806716,0,0.266848967237655
0,0.0789741838816553,-0.870379740929467,-0.117085715871798,0,0.390133180949584
1,0.614216449437663,-1.0242878368909,-0.538687376649414,0,0.61730577693482
1,0.493233672808856,-1.57182633008913,-1.56223308410074,0,0.0565714742672297
1,0.269097654847428,0.994606768948418,0.0997052070146289,0,0.595097861711239
0,0.293110862839967,0.348510361846642,0.293534647937804,1,0.291611085078503
1,0.475278300233185,-0.512608198002956,0.106121138967254,0,0.608802451874885
0,0.964078546268865,-0.390035625649351,-0.670022409032806,1,0.466803106441516
1,0.42363210208714,0.880570648731452,-0.38360309455248,0,0.604833309972478
0,0.844097095774487,-1.39786679594087,-1.24740331429293,0,0.0650193549313298
1,0.953827351331711,-1.24605998132272,-1.58683918731832,0,0.0416234201912949
1,0.28647352475673,-1.35942020566758,-1.42049610501568,0,0.0976228070348991
0,0.54084939789027,-0.316227240979279,-0.378724919483163,1,0.383142414846036
0,0.581378317903727,1.08509655121354,0.435864434084883,0,0.0272132382683233
1,0.256286894436926,0.73542167418357,0.639250140489312,0,0.220795716303077
1,0.878083968302235,-0.400793286438026,-0.686301209465142,0,0.647748551184453
1,0.882302387617528,1.42435188668734,1.30325308645291,1,0.00514116445916858
1,0.987334684701636,-0.950541745484643,-1.25336542687605,0,0.314759802193255
1,0.101620901143178,-0.353886082493224,-0.594067927199351,0,0.5520974888891
1,0.618775002192706,-0.549577819658424,-0.860476382447013,0,0.475287232997897
0,0.70473376987502,-0.344659399560812,0.650948421616642,0,0.438034486881615
0,0.148588430834934,-1.84795132834735,-1.52053558532079,1,0.0113825566536775
0,0.890810591634363,1.05635589487433,1.22271178271336,1,0.0125244203789656
0,0.162670300109312,0.690403159813656,1.63136848220719,0,0.141561738040897
0,0.121866469504312,1.18473978164086,0.695806245704002,0,0.0287850280182999
1,0.977556857280433,-0.235926095113214,0.0782118264575036,0,0.605435747326421
1,0.6271102654282,1.38930375643739,0.834813344575921,0,0.143504753704592
0,0.0191994300112128,0.600193816646427,0.3361776330785,0,0.242850082284743
1,0.829164144583046,0.782136881323322,1.06224534726498,1,0.0240768829948625
1,0.998877475271001,0.324326606391234,0.0176638479139047,1,0.576939530988765
1,0.868095516227186,0.413255292367545,0.148900501537648,0,0.659792064272062
0,0.39691107487306,-2.43592340070473,-1.62916857154156,1,0.000186412898231871
0,0.936241782503203,-0.95407371209843,-0.0808821087239278,0,0.167034031481492
0,0.324772896012291,1.1754155135778,0.775101643531013,0,0.0356624702262413
1,0.972447561565787,0.1078839581856,0.0869120865681309,0,0.580306219495031
0,0.562598453834653,-1.44372052492247,-0.90050991012927,1,0.0614980753827107
1,0.579329037806019,-0.410634618729757,-1.43283994978331,0,0.109505631211952
1,0.824690353590995,-0.414780288938636,-0.654317518752059,0,0.6273738124018
1,0.198444477515295,1.78439870661353,2.29711110255324,1,8.05551128201165e-07
0,0.618989635026082,-0.277663428004923,-0.0677848104316449,0,0.546980252719631
1,0.224564614938572,-0.537453214837413,-0.702720104733343,0,0.480851344854868
1,0.0252237301319838,-1.73755651169196,-2.28760874140383,1,0.000697646236645566
0,0.756505124736577,-2.05093268938005,-1.60738891050296,0,0.00168086957140921
1,0.638156944653019,0.775779186930388,1.57526616152259,0,0.00282594496020577
0,0.0578689130488783,-0.218585705570624,-1.41876950553865,0,0.663438894574149
1,0.673797813244164,1.67022971163647,1.4482162979213,1,0.00129229170038656
1,0.691544770728797,-0.847995721464468,0.214953842308503,0,0.633089737919841
1,0.745228959713131,-2.37028224382855,-2.10465583067563,1,0.00216143990712661
1,0.124061870621517,2.16450455336122,2.05381132339494,1,5.47886365677854e-06
1,0.15117178671062,-0.720779924549664,-1.36141188395672,0,0.126686728669078
0,0.177430625306442,-0.385715859532146,-0.588288908568878,0,0.560422313603451
0,0.00886946776881814,-0.115826212847015,0.300330010194849,0,0.591816969686543
1,0.633788643172011,-0.169738017481258,-0.0614044712563195,0,0.69482735076661
1,0.372750885086134,-1.33607310208148,-1.58514240980034,1,0.0544338647446517
1,0.277720049023628,-1.20071837985853,-1.70495000430228,0,0.0272706032406063
1,0.172508500749245,1.37174668303757,1.31275299624953,0,0.00932070890565609
0,0.203711141366512,-0.351701865798454,-1.01097495141094,0,0.448487684314089
0,0.221870881738141,0.0637420561603811,1.52882916398545,0,0.442007360316619
1,0.253431504592299,1.21182967115777,2.07310427007864,1,9.52655299912418e-06
0,0.170097689377144,-0.935171146765957,-0.563585650177524,0,0.30837381161994
0,0.921676764031872,-0.711754658101127,-0.64799284977321,0,0.30280103469693
0,0.345313458470628,-1.78900715056909,-2.0444173681541,0,0.00910143239286671
0,0.0851092091761529,1.32163092873579,2.33285454929403,1,0.0026390033480917
0,0.377817805157974,-0.373633447463225,-1.08095963669781,0,0.692386045249536
1,0.54334351955913,-0.626614497984083,-0.100397960148306,0,0.611028247516001
0,0.787010926054791,-1.3754936682647,-1.24812577666919,0,0.0570232275222052
1,0.320313527714461,0.477373479329271,0.94981153586799,0,0.0848154017678285
1,0.838038518326357,1.1628516257758,1.93592257397014,1,3.63600261920243e-05
1,0.998470485210419,0.222258506559933,0.215129980623527,0,0.638878692014722
0,0.213442992419004,-0.440595922029679,-0.329811359022278,0,0.553394519338678
1,0.437296491349116,-0.842769453934023,-2.36873256696328,0,0.000191626543947489
0,0.378729996271431,1.47698058865851,1.39044022411757,1,0.00117814474038074
1,0.965576708549634,0.437297872774194,0.892804762364856,1,0.0370650816962255
0,0.641116502229124,-0.638764913966726,0.559943163814174,0,0.449752174760561
0,0.806135333841667,1.4721724381299,0.844431140266728,1,0.000660850612856575
1,0.919062188826501,1.18554125287665,1.31220215053362,0,0.0148730631143594
1,0.0586224480066448,-0.450748603830329,-0.438343587585524,0,0.615951844551066
1,0.477642855606973,-1.5566016334609,-0.801221247746501,0,0.550345722072129
0,0.696882788324729,0.993879392837861,0.859001204068519,1,0.0152930131369489
1,0.0446715094149113,0.668112843924267,0.665305576644769,1,0.0640817514396747
0,0.756854316918179,-0.218495320019923,-0.745953691228735,0,0.511594422071899
0,0.591673724818975,3.0386982216831,3.02808693083845,1,5.4264863513055e-11
1,0.510140463011339,-2.13433822367496,-2.76896679031558,0,5.94568486602762e-06
0,0.452601766446605,0.0351896361924392,-0.0508435549138335,0,0.45676413224282
0,0.0254819660913199,1.25975837221414,0.930729926893778,0,0.0155141503079734
0,0.961843609344214,1.47058891029764,1.38076145204348,1,0.000602501553982741
1,0.987627439666539,1.12580327165927,0.751272081549174,1,0.0995187950256549
1,0.634359558112919,-0.312746704008318,0.598104190704751,0,0.359097507728706
0,0.425541346892715,0.915306427744444,0.60218986589855,0,0.0726612647696182
0,0.266625905176625,0.545975207827824,0.526553682837465,0,0.274430379355089
0,0.0805694879963994,0.0823929085126284,-0.135087075644296,0,0.37109373054906
0,0.330141563434154,-1.03928185061983,-0.647805517719894,0,0.295212609644369
1,0.894050102913752,0.82263877742219,1.51685224977391,0,0.00775946945690396
0,0.306675198487937,-0.240111291021942,-0.435531213047867,1,0.429453910495151
1,0.40242384118028,-0.00234197776483036,-0.563934490014444,0,0.605432113239778
0,0.573791397502646,0.131254644280662,0.35566565426667,0,0.418599940450012
1,0.596988384379074,-0.134020793196382,0.156137610527127,0,0.497191539336942
1,0.570017137564719,-1.80080161566875,-1.99969471796024,0,0.00670057629440874
0,0.218071287963539,-0.596732674162555,-0.223323152760584,0,0.371738365127743
0,0.820126744452864,0.533187415898087,0.644600074668263,0,0.22598972296377
0,0.0366557808592916,1.53554844111852,0.831969768079335,0,0.00307115665192943
0,0.625582814915106,-1.38944254685139,-1.05500507875078,0,0.0952714065223512
0,0.433478938182816,-0.298067318745946,-0.953301485352764,0,0.579651899581529
1,0.35692613851279,-2.71197294861952,-1.98755114125736,1,0.00570638385779294
0,0.773667640052736,0.855944684384153,1.06095481078399,0,0.0730721735915013
1,0.173452047863975,-0.443486414388937,0.453322482674678,0,0.347020971325302
0,0.493208973202854,0.786962702216433,0.734603811254735,0,0.248923330837555
1,0.737188908504322,-0.114427890193706,-0.968892660852351,0,0.366455980326289
0,0.511001022765413,0.586495040047713,-0.175192126911507,0,0.236130760896417
0,0.475086916005239,0.587588733544965,1.29186729685576,0,0.182930704274603
0,0.587899940554053,-0.0589553274160996,-0.391462546734346,1,0.427957528478718
1,0.572537379339337,1.08458098749714,0.547850181833935,0,0.290543488581984
1,0.654917740728706,0.546145770483451,0.711792354034318,0,0.304613969229695
1,0.865125555777922,-1.45940712370861,-1.60011540952746,1,0.0914163457110695
1,0.396846375893801,0.590130246032612,0.0050570338838542,0,0.522092593377498
0,0.960116155678406,-1.69769191153465,-3.08419030775778,1,0.018240470380036
1,0.380877255229279,-0.144302650981514,-0.391285665681449,0,0.508321673562933
0,0.170088279992342,-0.628373289276779,-0.434254263664579,0,0.447027103994588
1,0.231604878557846,0.938121954851958,0.74697861757839,0,0.118965359577746
1,0.949920209357515,0.322268939783171,0.242258218058865,1,0.388830217979818
0,0.0835081576369703,-0.450444483650701,-0.698335060517142,0,0.516377828766829
0,0.193044015904889,-0.215524748631445,-0.0868624199184986,1,0.540964067984081
1,0.074695295188576,-0.0149038313880372,0.369190868675675,0,0.439364959676062
0,0.605016008019447,-1.33760690416335,-0.610999082017234,0,0.0776825726095389
1,0.215842896373942,-0.223032740919372,-1.08467215827712,0,0.252795186015831
1,0.587987260660157,-1.25496370081772,-1.13540519377121,0,0.304622220255052
1,0.228897603228688,-1.40695499960304,-1.54571249420103,0,0.0626858506468822
1,0.390925179235637,-0.792836069708805,-0.216136791080478,0,0.605107587696997
0,0.347905913367867,-0.626624867600388,0.590986730105732,0,0.465646066121718
1,0.918379402486607,-1.50604467667391,-1.51034663357271,1,0.0847682722020301
0,0.112039123661816,0.332615313445565,0.567315350258865,0,0.391836080568423
1,0.254976143594831,-0.931587441756728,-0.353007026858561,0,0.562222476853815
0,0.186624069930986,-0.117545605012339,0.715924471160032,0,0.555248447338209
0,0.745543522993103,-0.191419551789334,0.465621883145219,0,0.521391190426808
0,0.932968782261014,0.204119079592816,-0.923589230158532,0,0.429967134029515
0,0.494711893843487,-1.55381485376214,-2.18732572771011,0,0.0236144163516367
0,0.644993681227788,-1.4533235027852,-1.61987786564477,1,0.0648816726921774
1,0.175802586833015,-2.96362393623706,-1.92342903628679,1,0.0134065335079439
0,0.602994646178558,1.27113064955866,1.3488195459477,0,0.0108702526359655
1,0.887757665943354,-0.372161224506637,-0.321593684739416,0,0.644457305270594
1,0.490209404379129,1.83530867363278,1.88942592341305,0,0.000175573246307784
0,0.0183835725765675,-1.56261607021002,-1.23783232925819,0,0.0431395763816621
1,0.17939079226926,1.07612129557662,1.77438124865151,0,0.000761149022878006
1,0.299391138367355,0.75920320754112,1.31075424202761,1,0.00378187069246936
0,0.276964061195031,-0.0817153240412615,-1.37534270821234,0,0.47078284093105
1,0.0616094244178385,1.26300609291422,0.110564877090328,0,0.510961677556487
0,0.35532134771347,0.582282533196417,0.5360331298883,0,0.191941974524604
1,0.577037754002959,-0.348243872526042,0.0660148111068472,0,0.555142596091413
1,0.535031558480114,1.88226558245747,1.0164717438641,1,0.0328003683375083
0,0.604272830300033,-0.462533169131648,-0.0751586059278634,0,0.490459960141846
1,0.486148978350684,2.23667218721642,1.66376114395634,0,0.000958553590926306
0,0.131626568036154,-1.22099487244193,-1.07905731803343,1,0.15217962750765
1,0.96457004873082,1.26260833928342,1.26168552645139,0,0.0225888274356242
0,0.742461576359347,-0.182035819300692,-0.825912756634668,0,0.552559932125908
0,0.366839384660125,-0.137079995840983,0.818492532040131,0,0.630383891945058
0,0.150825294898823,-0.265641889760332,0.127773259960702,0,0.440542771464618
0,0.226939673302695,-0.911884166171163,0.655775979469431,0,0.266444367002027
0,0.745116808917373,-0.281338720050447,0.111918488501349,0,0.501432791155554
1,0.050592377781868,0.972875944629096,0.792526313502005,1,0.0965582233534377
0,0.593993296846747,0.0659706084032977,-0.00549597592643785,0,0.448921129127477
1,0.153250648407266,1.45686956981023,1.15708559622778,1,0.00779213997267792
1,0.762780725024641,0.460180361769813,-0.241868668319505,0,0.70623136535187
1,0.995281064882874,0.762061744942195,-0.426776408610687,0,0.67415645874025
0,0.173998110694811,-0.0515900491329941,-0.0512815632556852,0,0.494873177492207
1,0.619130822597072,-0.831361450920335,0.0143230591102855,0,0.611947389029663
0,0.537983173970133,0.0935420528040823,0.30638380274593,1,0.274568356632115
1,0.818258262239397,1.04118186730025,0.868743499430654,1,0.0810299711904016
1,0.321746907196939,0.566164822617992,0.999322082980193,0,0.0660813285588112
1,0.582326936768368,0.906281205644514,1.00957378761616,1,0.0340017357542444
1,0.0709323794580996,1.50647144769867,1.82652870548141,0,0.000170679151537725
0,0.570644013117999,0.202355558924378,0.48442850692109,0,0.459716434732109
0,0.56067725061439,0.196393388491551,0.103152196928847,0,0.392943899721478
0,0.434170939493924,1.20827936571579,1.77856925126571,0,0.0201126869859109
0,0.96194878523238,-0.149571388094974,0.0263310175006537,0,0.617053094946454
1,0.711271684383973,-0.543109466841829,-1.39623803630415,1,0.144501210551158
1,0.258469532011077,-1.03030825586796,-0.68721057658107,1,0.473308125274171
1,0.92567753768526,-1.16999834096585,-0.0889856703490393,0,0.65362258368282
1,0.420811663148925,-1.46208048246908,-1.2958558542944,0,0.1163417754467
1,0.816300745587796,0.819101697807605,1.90883037259457,0,0.000218227592387873
0,0.754665047628805,-0.702723648953076,-0.43963823711076,1,0.303794426330772
1,0.412143304478377,0.926894899558989,1.22549032939304,1,0.00835762500680739
0,0.514416832011193,2.35664777384144,2.22922467658403,0,1.20191332686667e-06
1,0.542284718481824,0.175224405334184,-0.950961465529421,0,0.489878085259822
1,0.974024304188788,0.670176692405308,0.0417413342123913,0,0.677010946582621
1,0.073637954890728,-0.503989921554737,-0.602608285163043,1,0.545038188569685
1,0.76950380532071,3.10895794676944,2.50629078017207,1,9.26733902761462e-08
0,0.872554909205064,-0.608002316615265,-1.4673317180118,0,0.509872283624377
0,0.989865584531799,1.14667600025679,1.12019733294917,0,0.0182840618777412
0,0.965147644048557,1.00009611959107,0.672618212728245,0,0.0391959355325886
0,0.636421318631619,0.233551452813293,1.55758270661306,0,0.27611171023464
0,0.0653892939444631,0.955496953304919,1.01551674206029,0,0.0832647375696148
0,0.128414754988626,0.466316098299797,0.712764964140565,1,0.167155563371722
1,0.492784780450165,0.450534514003215,0.719342465970251,1,0.101051900531794
1,0.663244860246778,-0.87250893509505,-0.845002562099337,0,0.454938663815747
0,0.189378713723272,0.255459879256237,0.614047970449702,0,0.454665547621088
1,0.177598393289372,-0.50602144257235,-0.214752071247459,0,0.687751967831245
1,0.115560325561091,2.52053261969313,2.94267258741268,1,3.01665591265751e-10
0,0.156952400226146,0.43241480305972,0.976372132663251,0,0.412460452901499
1,0.8574108495377,0.522608211406353,1.09416222818533,0,0.0694168526019683
0,0.42486053169705,-2.15062874280398,-2.11895735324663,1,0.00140622302677583
0,0.878341671079397,-0.93075966690551,-1.62266790070605,0,0.2544142590214
0,0.824826563941315,-0.212596685306884,-1.66604767736931,0,0.473595142388699
1,0.978819616837427,-0.441548633748406,-0.687714353434541,0,0.636704259616239
0,0.634543015854433,-0.130738655985947,-0.961855809392437,0,0.52617733984595
0,0.691523276036605,0.706138694997034,0.531929405047984,0,0.126916783145525
0,0.792183339362964,-0.161780232381835,-0.294689103058939,0,0.563250463571998
0,0.0341706455219537,-0.367333546344347,-0.206992753340026,0,0.502927564896672
1,0.819993681041524,0.68621237307691,1.60195689613995,0,0.00205027512777546
0,0.687636162620038,-2.49330807220747,-1.56332132976184,0,4.26210903236544e-05
0,0.431776891928166,-0.322069519249354,0.18110877008319,0,0.452330401314576
0,0.243875786894932,0.766772248835987,0.894016330206942,0,0.175084850992121
0,0.00814770301803946,0.917993864337634,1.1492472131575,1,0.0346918344457485
1,0.421106143388897,-0.18487441508604,-0.211091025144954,0,0.674388518878532
1,0.786956907948479,0.0193649625861856,-0.8534378227646,0,0.547148557838391
0,0.595592122757807,-0.709047318438941,0.358532870612766,1,0.400937144743442
0,0.984963058726862,-0.739579664517978,-0.0896167190356504,0,0.415609154999856
1,0.528043455909938,-0.729930707569354,-0.0868221857241178,0,0.676866025640658
1,0.523278417764232,-1.16353230985004,-1.44059183278937,1,0.0988424369265496
0,0.786444804864004,-0.347441515289784,-0.0307164195359755,0,0.491105066768231
0,0.0877224092837423,0.0903731587442345,0.359958221908189,0,0.510801024151932
0,0.256111980648711,-0.106679819298246,-0.965127887405565,0,0.538920802607371
0,0.35660412022844,-1.02474787314692,-1.11677605174566,0,0.259547345654702
0,0.24905545799993,-1.67170664472423,-1.46488322337463,1,0.0285409293381114
1,0.175018487730995,-0.483389707957691,-0.262604422860804,0,0.627599685746995
1,0.572922080755234,1.82862220007845,1.4849266436133,1,0.00158638070176273
0,0.483393148286268,-1.05273573456704,-0.0215610426482065,0,0.309306664578071
1,0.809948969166726,-1.12048362964386,-0.104157959507899,0,0.707013929332396
1,0.75051523395814,2.484362694904,2.86574227948687,1,1.58232668889808e-09
1,0.347443797625601,-1.7065538071481,-2.05830304179102,1,0.00376806725464807
0,0.806874484289438,0.393849903216648,-0.119692020619903,0,0.308011615157383
1,0.25176422810182,0.994952661992189,0.283236298589321,0,0.35696396198875
1,0.592963553965092,-0.281060786253711,-0.639597577788497,0,0.472698261315268
1,0.156215733382851,1.64185560628505,0.635016767830035,1,0.171029942863057
1,0.175159651553258,0.638384091425595,0.91090547219229,0,0.109005482266681
0,0.226377300918102,0.452070224923091,-0.349511469871056,1,0.166438602869376
0,0.791963252006099,-0.794586511882114,-1.45084915115164,0,0.301650283566287
0,0.388376479735598,0.124460474872085,0.497515968579214,0,0.490234277023815
0,0.911222032504156,-0.420150424764475,-0.196888038933989,1,0.314512760195237
0,0.1218470511958,-1.16382074180287,-0.540338617149534,0,0.163824474235118
0,0.987835156964138,0.00809218748033666,0.28289718606489,0,0.472317960113432
0,0.75528792059049,0.575574347033027,0.538853542576716,0,0.191018042590818
1,0.310775833902881,-0.196653841459258,0.0443734108144609,0,0.617879152662471
0,0.0198653580155224,1.23312479096559,0.399512353455549,0,0.0245712125845871
0,0.682283061323687,-2.44505580354996,-2.38501354812093,1,0.000135373527328636
0,0.438736066687852,0.658472563964804,0.762016527615559,1,0.0812072485409779
1,0.883700705366209,-0.763061660272396,-0.335267777227543,0,0.643912943552622
1,0.0742437855806202,0.288321500859493,0.262847301978176,0,0.499407438348568
0,0.45366955595091,1.07751885402976,1.12997201444967,0,0.0360861350376207
0,0.888036270625889,0.499898688256548,-0.231452164904146,1,0.111208236060752
0,0.700159241678193,-0.0647643365104418,0.235818083865057,0,0.539527369420189
0,0.304615611210465,-2.00783380235354,-3.05137865822114,0,0.00291151971230182
0,0.584890802390873,-1.22662834936931,-1.1147426700038,0,0.171893575095737
0,0.870453770039603,0.608765800284543,0.832257957212933,0,0.172935308478384
0,0.44652355927974,-1.75253254394471,-0.971068816141956,1,0.0275612760652385
0,0.33737303968519,-0.361482019975242,0.145309653743186,0,0.534570982190676
1,0.566908608656377,0.0118858802513858,0.572931360076166,1,0.16083657243633
1,0.415764981647953,0.151962887067189,-0.832920113659715,0,0.431944208089239
1,0.83266066480428,-1.25751272936658,-0.379884892204648,0,0.623252975479553
0,0.153707588091493,-1.28606292877986,-1.52455959936575,0,0.126580349900219
0,0.658649043180048,-0.470794391074919,0.979092966167866,0,0.424922033699425
0,0.00102681899443269,-1.64992427630503,-2.01895198332017,1,0.0413438495598108
0,0.320450928527862,-0.567027573736712,-1.2126903014446,0,0.565643943481437
1,0.950132880592719,-0.302719714665951,0.0881080476609802,0,0.720021136944235
1,0.0125525095500052,-0.925018731119744,-0.931646757154679,0,0.29252409582615
1,0.0790907654445618,-0.50170068213398,0.188358345778721,0,0.50521706165812
0,0.213288370519876,0.957924009029526,0.696673057028421,1,0.0272342458757942
1,0.994843258988112,0.27558163574573,-0.240767946972296,1,0.660660091643667
1,0.49203958758153,-0.0763047756489703,0.340334381175317,0,0.478058095769837
0,0.627634118078277,1.60621139903495,1.46930736609621,0,0.000861201422196856
1,0.00596133503131568,-0.402504581576863,0.188413124501022,0,0.583247463580004
1,0.285853998735547,0.0984925242974449,0.45059281177296,0,0.422724087609519
1,0.986480417195708,-1.84573407678079,-1.9703928026786,1,0.00848576890658171
0,0.757692324928939,-0.018620766669021,0.0777507568125043,1,0.304195664570971
1,0.0682749908883125,-0.831899986141883,-0.629998601458128,0,0.521935454777514
0,0.810763978632167,-0.857088227854714,-1.49734820569307,1,0.304962512788138
1,0.122871407074854,1.12272951154753,0.805361241657769,0,0.143985498713014
1,0.409918360644951,-0.102147724286297,0.0607119700938323,0,0.653367879701292
0,0.927543645258993,0.40186708487539,1.41649481740718,0,0.184132004310231
0,0.554208239307627,-1.09468650683977,-0.652831239181047,0,0.185936427025448
1,0.0142666143365204,-2.44405976290452,-2.1766684798731,1,0.00140425182300838
1,0.967365281190723,-0.0970240465906215,0.410441638834356,1,0.33475307301283
1,0.770065532531589,0.781635967609422,1.03266263550598,0,0.0785752119418261
0,0.0799524132162333,2.62586463040404,2.26878054677005,1,1.08362041764398e-08
1,0.365419848356396,0.520311151641572,1.18623468253617,0,0.0248007525828416
0,0.480426545254886,1.31744799317741,0.722342854469935,0,0.007589392516951
0,0.675760691985488,-0.325164207031208,-0.859250505978301,0,0.541040666658189
1,0.786447250749916,0.253639171818256,0.425090744389994,0,0.455520757234206
0,0.810058057308197,-0.920401343246852,0.00608943291395919,0,0.25899119011771
0,0.078677503624931,0.562675597910954,0.249166038993129,0,0.373163100782208
0,0.168914441019297,-1.42621100217124,-0.85041048694431,1,0.0755458863766894
0,0.0367327940184623,-0.319439865988924,-0.41871719620876,0,0.598846053564358
1,0.240142308874056,-1.53686153696404,-1.27086170045503,0,0.156745491026481
1,0.912195181939751,0.437269675850149,-0.349223120617736,0,0.615755651827782
1,0.00136347976513207,0.725982891927975,0.144333820131362,0,0.522714071696049
1,0.227300448110327,-0.462946593601576,0.573676756155134,0,0.345156767669689
0,0.168262931751087,-0.620983131609682,-0.607569024704675,0,0.429514289158889
0,0.149762514978647,-0.248138849102914,-0.210973833492241,0,0.673306530971933
1,0.648097161203623,-0.875607866958569,-2.28457842322177,0,0.00048124751394102
1,0.485572549281642,-0.548257614785434,0.120126879314205,0,0.566000898722907
1,0.693244319409132,-1.67107208827919,-1.74430201948609,0,0.0259495237351338
0,0.289669456658885,-0.139378282857825,0.109629024864982,0,0.47296006181297
1,0.978671659715474,1.58505270162132,1.78315321239929,0,0.00051076432131958
0,0.288126329425722,0.570090227306021,0.784478031992117,1,0.113847392033217
0,0.525764521211386,1.53449868506538,1.31429886534202,1,0.000709083115058704
0,0.0778222696390003,0.784938068603016,1.81739378967452,0,0.167374160105169
0,0.678553835256025,-0.354530691021492,-0.280155878301116,0,0.410341891309188
0,0.181949716527015,0.395922546782812,0.303281241187846,0,0.384219901814924
0,0.529804455116391,-2.20194491769088,-1.31363454297404,0,0.000880501956646973
1,0.801678828895092,0.961762369970884,0.757453447291583,1,0.104172762682457
0,0.313187195919454,-0.322887854715109,-1.06037657516339,0,0.535884580487432
0,0.691273411735892,1.4765618695081,0.332544313243857,1,0.00107191719570366
0,0.773044522618875,-1.77179241588098,-1.82745107429077,0,0.00542303165268069
1,0.261793632525951,1.26593393810254,0.940369840372201,0,0.0918214731658907
1,0.678760153008625,-0.42463659084468,-0.542886098099217,0,0.606916850494811
1,0.992143295938149,1.35077433797084,1.39199593680687,1,0.00249825870815042
1,0.551487519871444,-0.612037532005442,0.574836384691347,0,0.282693602193955
1,0.930684473598376,-0.790431088505362,-0.436928230229109,0,0.728181935020249
0,0.20740434480831,0.533263475036087,0.425179930897383,0,0.297579389548398
1,0.229959039483219,-0.404830887390533,0.292791055217465,0,0.580122715616292
0,0.48398658935912,-0.518107698095205,-0.686444324541623,0,0.575821088224978
0,0.461059393826872,-1.00338017902235,-0.717457213256491,0,0.27811882940388
0,0.782721356954426,1.99952157299498,2.63632181162696,0,5.99215346394141e-05
1,0.000605266075581312,-0.887913766238398,-0.938769192548153,1,0.334540621855071
1,0.750623380066827,1.05864465438347,0.0169047318289673,0,0.718316439750337
1,0.830732437549159,-0.0682456248767399,-0.338418650349842,1,0.59435602712146
0,0.314671236323193,-1.48933458192479,-0.468548221253629,1,0.0558637186963279
0,0.712033160030842,-1.27876273609733,-1.39532302358879,1,0.10039509195804
1,0.25171154923737,-1.74300499125521,-1.12043065741164,1,0.303132302748273
0,0.309347498230636,-1.47353961879423,-1.2310412345774,1,0.0801613369581886
0,0.695954847149551,-1.45817733771179,-1.41988907699627,0,0.0478001770067262
0,0.423095647012815,1.37904173247931,-0.0592136952339731,0,0.00450230035057581
1,0.852890213020146,-0.423908053541125,-0.0315120361802024,0,0.653829838847551
0,0.534399916650727,2.08829336036968,1.7571338816101,1,4.00228464438336e-06
1,0.54817751632072,0.710518207829046,0.507540718991252,1,0.161304635022293
1,0.845543978502974,1.73133674131292,1.43903454111467,0,0.00756250561781335
0,0.377029079943895,-0.0127884127330956,0.979787030789393,1,0.394733342909419
0,0.166043678531423,1.14076725109371,0.485521787736178,1,0.00626868887163761
1,0.189248028676957,1.18655510129817,-0.287786790431424,0,0.609510214759333
0,0.856867816066369,-0.536353024635941,-0.237015331778491,0,0.382444844647067
0,0.337503234623,0.677640371753412,1.09879871107541,0,0.166401139281486
1,0.775028235046193,0.0433980625722173,-0.0588933968676122,1,0.6381141780925
1,0.0690702020656317,1.05707459828398,0.931449086457241,0,0.0902216670184108
0,0.240949265658855,-1.21502044288944,-0.322130997866284,0,0.201007516692528
0,0.24280183785595,1.55866008117481,0.373020703370177,0,0.00211074604410053
0,0.387112989090383,-0.00488524233991505,-0.595207489997586,0,0.553414684726143
